﻿<?xml version="1.0" encoding="UTF-8" standalone="yes"?>
<ClinicalDocument xmlns:ext="http://ns.electronichealth.net.au/Ci/Cda/Extensions/3.0" xmlns:xsi="http://www.w3.org/2001/XMLSchema-instance" xmlns="urn:hl7-org:v3">
  <typeId root="2.16.840.1.113883.1.3" extension="POCD_HD000040" />
  <templateId root="1.2.36.1.2001.1001.101.100.1002.4" extension="3.4" />
  <templateId root="1.2.36.1.2001.1001.100.149" extension="1.0" />
  <id root="8a58f026-b51a-4946-be44-ac770407448f" />
  <code code="18842-5" codeSystem="2.16.840.1.113883.6.1" codeSystemName="LOINC" displayName="Discharge Summarization Note" />
  <title>Discharge Summary</title>
  <effectiveTime value="20120313" />
  <confidentialityCode nullFlavor="NA" />
  <languageCode code="en-AU" />
  <setId root="6438519b-8a12-4815-8bbc-7dcc1f8a7801" />
  <versionNumber value="1" />
  <ext:completionCode code="F" codeSystem="1.2.36.1.2001.1001.101.104.20104" codeSystemName="NCTIS Document Status Values" displayName="Final" />
  <recordTarget typeCode="RCT">
    <patientRole classCode="PAT">
      <id root="065facbe-0d35-4dd8-bf34-9d916b78aad7" />
      <addr use="H">
        <country>Australia</country>
        <state>SA</state>
        <city>North Adelaide</city>
        <postalCode>5006</postalCode>
        <houseNumber>1</houseNumber>
        <streetName>Australia</streetName>
        <streetNameType>Lane</streetNameType>
      </addr>
      <telecom value="tel: 0345754566" use="WP" />
      <telecom value="mailto: abbiatwood@workplace.com" use="H" />
      <patient>
        <name>
          <family>Atwood</family>
          <given>Abbi</given>
          <given>Kasen</given>
        </name>
        <administrativeGenderCode code="M" codeSystem="2.16.840.1.113883.13.68" codeSystemName="AS 5017-2006 Health Care Client Identifier Sex" displayName="Male" />
        <birthTime value="19770101" />
        <ethnicGroupCode code="1" codeSystem="2.16.840.1.113883.3.879.291036" codeSystemName="METeOR Indigenous Status" displayName="Aboriginal but not Torres Strait Islander origin" />
        <birthplace>
          <place>
            <addr>
              <country>Cuba</country>
            </addr>
          </place>
        </birthplace>
        <ext:asEntityIdentifier classCode="IDENT">
          <ext:id root="1.2.36.1.2001.1003.0.8003605679672853" assigningAuthorityName="IHI" />
          <ext:assigningGeographicArea classCode="PLC">
            <ext:name>National Identifier</ext:name>
          </ext:assigningGeographicArea>
        </ext:asEntityIdentifier>
      </patient>
    </patientRole>
  </recordTarget>
  <author typeCode="AUT">
    <time value="20120313" />
    <assignedAuthor>
      <id root="cabfd947-1443-41dc-8e43-5f069fd71c45" />
      <code code="253111" codeSystem="2.16.840.1.113883.13.62" codeSystemName="1220.0 - ANZSCO - Australian and New Zealand Standard Classification of Occupations, First Edition, 2006" displayName="General Medical Practitioner" />
      <addr use="H">
        <country>Australia</country>
        <state>QLD</state>
        <city>Uppper Mount Gravatt</city>
        <postalCode>4122</postalCode>
        <houseNumber>255</houseNumber>
        <streetName>Azanian</streetName>
        <streetNameType>St</streetNameType>
      </addr>
      <addr use="TMP">
        <country>Australia</country>
        <state>QLD</state>
        <city>Albion</city>
        <postalCode>4010</postalCode>
        <houseNumber>55555</houseNumber>
        <streetName>Sandgate</streetName>
        <streetNameType>Rd</streetNameType>
      </addr>
      <telecom value="tel: 0345754566" use="WP" />
      <telecom value="mailto: authen@globalauthens.com" use="WP" />
      <assignedPerson>
        <name use="L">
          <family>Button</family>
          <given>Henry</given>
          <prefix>Dr</prefix>
        </name>
        <name use="NB">
          <family>Wong</family>
          <given>Davey</given>
          <prefix>Br</prefix>
        </name>
        <ext:asEntityIdentifier classCode="IDENT">
          <ext:id root="1.2.3.4.5.66666" assigningAuthorityName="SampleAuthority" />
        </ext:asEntityIdentifier>
        <ext:asEntityIdentifier classCode="IDENT">
          <ext:id root="1.2.36.1.2001.1003.0.8003615833334118" assigningAuthorityName="HPI-I" />
          <ext:assigningGeographicArea classCode="PLC">
            <ext:name>National Identifier</ext:name>
          </ext:assigningGeographicArea>
        </ext:asEntityIdentifier>
        <ext:asEmployment classCode="EMP">
          <ext:employerOrganization>
            <name>Surgical Ward</name>
            <asOrganizationPartOf>
              <wholeOrganization>
                <name use="ORGL">Good Hospital</name>
                <ext:asEntityIdentifier classCode="IDENT">
                  <ext:id root="1.2.3.4.5.66666" assigningAuthorityName="SampleAuthority" />
                </ext:asEntityIdentifier>
                <ext:asEntityIdentifier classCode="IDENT">
                  <ext:id root="1.2.36.1.2001.1003.0.8003620833333783" assigningAuthorityName="HPI-O" />
                  <ext:assigningGeographicArea classCode="PLC">
                    <ext:name>National Identifier</ext:name>
                  </ext:assigningGeographicArea>
                </ext:asEntityIdentifier>
              </wholeOrganization>
            </asOrganizationPartOf>
          </ext:employerOrganization>
        </ext:asEmployment>
      </assignedPerson>
    </assignedAuthor>
  </author>
  <custodian>
    <assignedCustodian>
      <representedCustodianOrganization>
        <id root="c9b22468-ef35-4d80-92d7-66a29f8ab3db" />
        <name>Burrill Lake Medical Centre</name>
        <telecom value="tel: 0345754566" use="WP" />
        <addr use="H">
          <country>Australia</country>
          <state>QLD</state>
          <city>Nehtaville</city>
          <postalCode>5555</postalCode>
          <streetAddressLine>1 Custodian Street</streetAddressLine>
          <additionalLocator>32568931</additionalLocator>
        </addr>
        <ext:asEntityIdentifier classCode="IDENT">
          <ext:id root="1.2.3.4.77777" assigningAuthorityName="SampleAuthority" />
        </ext:asEntityIdentifier>
        <ext:asEntityIdentifier classCode="IDENT">
          <ext:id root="1.2.36.1.2001.1003.0.8003620833333789" assigningAuthorityName="HPI-O" />
          <ext:assigningGeographicArea classCode="PLC">
            <ext:name>National Identifier</ext:name>
          </ext:assigningGeographicArea>
        </ext:asEntityIdentifier>
      </representedCustodianOrganization>
    </assignedCustodian>
  </custodian>
  <legalAuthenticator>
    <time value="20120313" />
    <signatureCode code="S" />
    <assignedEntity>
      <id root="a177cc23-2e61-423a-9b53-4e6e7bee040a" />
      <code code="253111" codeSystem="2.16.840.1.113883.13.62" codeSystemName="1220.0 - ANZSCO - Australian and New Zealand Standard Classification of Occupations, First Edition, 2006" displayName="General Medical Practitioner" />
      <addr use="H">
        <country>Australia</country>
        <state>QLD</state>
        <city>Albion</city>
        <postalCode>4010</postalCode>
        <houseNumber>534</houseNumber>
        <streetName>Billson</streetName>
        <streetNameType>St</streetNameType>
      </addr>
      <telecom value="tel: 0345754566" use="WP" />
      <assignedPerson>
        <name>
          <family>Johns</family>
          <given>Bill</given>
        </name>
        <ext:asEntityIdentifier classCode="IDENT">
          <ext:id root="1.2.36.1.2001.1003.0.8003610000001144" assigningAuthorityName="HPI-I" />
          <ext:assigningGeographicArea classCode="PLC">
            <ext:name>National Identifier</ext:name>
          </ext:assigningGeographicArea>
        </ext:asEntityIdentifier>
      </assignedPerson>
      <representedOrganization>
        <name>Oz Health Clinic</name>
      </representedOrganization>
    </assignedEntity>
  </legalAuthenticator>
  <participant typeCode="ORG">
    <associatedEntity classCode="SDLOC">
      <id root="be94c31f-6617-4730-985f-18ad39a44714" />
      <code>
        <originalText>Ward 4F</originalText>
      </code>
    </associatedEntity>
  </participant>
  <participant typeCode="PART">
    <functionCode code="PCP" />
    <associatedEntity classCode="PROV">
      <id root="c76a1212-0a39-4129-b22c-ef4e13a45a63" />
      <code code="253111" codeSystem="2.16.840.1.113883.13.62" codeSystemName="1220.0 - ANZSCO - Australian and New Zealand Standard Classification of Occupations, First Edition, 2006" displayName="General Medical Practitioner" />
      <addr use="WP">
        <country>Australia</country>
        <state>QLD</state>
        <city>Albion</city>
        <postalCode>4010</postalCode>
        <houseNumber>400</houseNumber>
        <streetName>Sandgate</streetName>
        <streetNameType>Rd</streetNameType>
      </addr>
      <telecom value="tel: 0345754566" use="WP" />
      <associatedPerson>
        <name use="L">
          <family>Smith</family>
          <given>Tracey</given>
          <prefix>Dr</prefix>
        </name>
        <ext:asEntityIdentifier classCode="IDENT">
          <ext:id root="1.2.36.1.2001.1003.0.8003610833333766" assigningAuthorityName="HPI-I" />
          <ext:assigningGeographicArea classCode="PLC">
            <ext:name>National Identifier</ext:name>
          </ext:assigningGeographicArea>
        </ext:asEntityIdentifier>
      </associatedPerson>
    </associatedEntity>
  </participant>
  <componentOf>
    <encompassingEncounter>
      <effectiveTime>
        <low value="20110110" />
        <high value="20110201" />
      </effectiveTime>
      <dischargeDispositionCode code="6" codeSystem="2.16.840.1.113883.13.65" codeSystemName="Episode of admitted patient care-separation mode" displayName="Left against medical advice/discharge at own risk" />
      <encounterParticipant typeCode="DIS">
        <time>
          <low value="20110111" />
          <high value="20110112" />
        </time>
        <assignedEntity>
          <id root="c19e5564-1f58-4a68-99de-8f4a90e9bb60" />
          <code code="253111" codeSystem="2.16.840.1.113883.13.62" codeSystemName="1220.0 - ANZSCO - Australian and New Zealand Standard Classification of Occupations, First Edition, 2006" displayName="General Medical Practitioner" />
          <addr use="WP">
            <country>Australia</country>
            <state>QLD</state>
            <city>Albion</city>
            <postalCode>4010</postalCode>
            <houseNumber>256</houseNumber>
            <streetName>Sandgate</streetName>
            <streetNameType>Rd</streetNameType>
          </addr>
          <assignedPerson>
            <name use="L">
              <family>Smith</family>
              <given>John</given>
              <prefix>Dr</prefix>
            </name>
            <ext:asEntityIdentifier classCode="IDENT">
              <ext:id root="1.2.36.1.2001.1003.0.8003610833333744" assigningAuthorityName="HPI-I" />
              <ext:assigningGeographicArea classCode="PLC">
                <ext:name>National Identifier</ext:name>
              </ext:assigningGeographicArea>
            </ext:asEntityIdentifier>
          </assignedPerson>
        </assignedEntity>
      </encounterParticipant>
      <location>
        <healthCareFacility>
          <id root="e60492f1-fb66-4bfb-9287-7fd614710354" />
          <code code="HOSP" codeSystem="2.16.840.1.113883.1.11.17660" codeSystemName="HL7 ServiceDeliveryLocatonRoleType" displayName="Hospital" />
          <serviceProviderOrganization>
            <name>Accident and Emergency</name>
            <asOrganizationPartOf>
              <id root="ad78e16a-e0c5-4a76-9c01-40a354308b11" />
              <wholeOrganization>
                <name use="ORGY">Franklin Hospital</name>
                <telecom value="tel: 0712341234" use="WP" />
                <addr use="WP">
                  <country>Australia</country>
                  <state>ACT</state>
                  <city>Franklin</city>
                  <postalCode>2607</postalCode>
                  <houseNumber>1</houseNumber>
                  <streetName>Stanley</streetName>
                  <streetNameType>St</streetNameType>
                </addr>
                <ext:asEntityIdentifier classCode="IDENT">
                  <ext:id root="1.2.36.1.2001.1003.0.8003627500000328" assigningAuthorityName="HPI-O" />
                  <ext:assigningGeographicArea classCode="PLC">
                    <ext:name>National Identifier</ext:name>
                  </ext:assigningGeographicArea>
                </ext:asEntityIdentifier>
              </wholeOrganization>
            </asOrganizationPartOf>
          </serviceProviderOrganization>
        </healthCareFacility>
      </location>
    </encompassingEncounter>
  </componentOf>
  <component>
    <structuredBody>
      <component>
        <section>
          <id root="bec8076a-ad86-4874-8aeb-7ddfde266bb6" />
          <code code="102.16080" codeSystem="1.2.36.1.2001.1001.101" codeSystemName="NCTIS Data Components" displayName="Administrative Observations" />
          <title>Administrative Observations</title>
          <text mediaType="text/x-hl7-text+xml">
            <table>
              <caption>DEMOGRAPHIC DATA</caption>
              <thead>
                <tr>
                  <th>Field</th>
                  <th>ResultValue</th>
                </tr>
              </thead>
              <tbody>
                <tr>
                  <td>Date of Birth is Calculated From Age</td>
                  <td>False</td>
                </tr>
                <tr>
                  <td>Date of Birth Accuracy Indicator</td>
                  <td>AAA</td>
                </tr>
                <tr>
                  <td>Age Accuracy Indicator</td>
                  <td>True</td>
                </tr>
                <tr>
                  <td>Birth Plurality</td>
                  <td>1</td>
                </tr>
                <tr>
                  <td>Age</td>
                  <td>35</td>
                </tr>
              </tbody>
            </table>
            <table>
              <caption>Specialties</caption>
              <thead>
                <tr>
                  <th>Specialty</th>
                </tr>
              </thead>
              <tbody>
                <tr>
                  <td>Specialist psychiatrist</td>
                </tr>
                <tr>
                  <td>Specialist plastic surgeon</td>
                </tr>
                <tr>
                  <td>Specialist emergency physician</td>
                </tr>
              </tbody>
            </table>
          </text>
          <entry typeCode="DRIV">
            <observation classCode="OBS" moodCode="EVN">
              <id root="30180fca-572b-4f56-8797-685a99193a18" />
              <code code="103.16233" codeSystem="1.2.36.1.2001.1001.101" codeSystemName="NCTIS Data Components" displayName="Date of Birth is Calculated From Age" />
              <value xsi:type="BL" value="false" />
            </observation>
          </entry>
          <entry typeCode="DRIV">
            <observation classCode="OBS" moodCode="EVN">
              <id root="2bb1524e-29e2-42ea-b909-ab0f666849ea" />
              <code code="102.16234" codeSystem="1.2.36.1.2001.1001.101" codeSystemName="NCTIS Data Components" displayName="Date of Birth Accuracy Indicator" />
              <value xsi:type="CS" code="AAA" />
            </observation>
          </entry>
          <entry typeCode="DRIV">
            <observation classCode="OBS" moodCode="EVN">
              <id root="820527de-44f6-40fb-853c-69226a886c63" />
              <code code="103.16279" codeSystem="1.2.36.1.2001.1001.101" codeSystemName="NCTIS Data Components" displayName="Age Accuracy Indicator" />
              <value xsi:type="BL" value="true" />
            </observation>
          </entry>
          <entry typeCode="DRIV">
            <observation classCode="OBS" moodCode="EVN">
              <id root="45a64c99-3e92-44bb-a5a4-6f046e2e2bb0" />
              <code code="103.16249" codeSystem="1.2.36.1.2001.1001.101" codeSystemName="NCTIS Data Components" displayName="Birth Plurality" />
              <value xsi:type="INT" value="1" />
            </observation>
          </entry>
          <entry typeCode="DRIV">
            <observation classCode="OBS" moodCode="EVN">
              <id root="7c7942a8-f044-44de-b9e0-38f621a8fccf" />
              <code code="103.20109" codeSystem="1.2.36.1.2001.1001.101" codeSystemName="NCTIS Data Components" displayName="Age" />
              <value xsi:type="PQ" value="35" unit="a" />
            </observation>
          </entry>
          <entry typeCode="DRIV">
            <observation classCode="OBS" moodCode="EVN">
              <id root="6c7bd3b7-7b49-4942-9712-2342708aadbf" />
              <code code="103.16028" codeSystem="1.2.36.1.2001.1001.101" codeSystemName="NCTIS Data Components" displayName="Specialty" />
              <value xsi:type="CD" nullFlavor="OTH">
                <originalText>Specialist psychiatrist</originalText>
              </value>
              <value xsi:type="CD" nullFlavor="OTH">
                <originalText>Specialist plastic surgeon</originalText>
              </value>
              <value xsi:type="CD" nullFlavor="OTH">
                <originalText>Specialist emergency physician</originalText>
              </value>
            </observation>
          </entry>
        </section>
      </component>
      <component>
        <section>
          <id root="6b648a20-717b-4e63-b8aa-ee62c16787fa" />
          <code code="101.16006" codeSystem="1.2.36.1.2001.1001.101" codeSystemName="NCTIS Data Components" displayName="Event" />
          <title>Event</title>
          <text mediaType="text/x-hl7-text+xml">This section may contain the following subsections Problems/Diagnoses This Visit, Clinical Interventions Performed This Visit and Clinical Synopsis and Diagnostic Investigations.</text>
          <component>
            <section>
              <id root="d5bdaad2-e8a8-4557-9184-beb74b9678d8" />
              <code code="101.16142" codeSystem="1.2.36.1.2001.1001.101" codeSystemName="NCTIS Data Components" displayName="Problems/Diagnoses This Visit" />
              <title>Problems/Diagnoses This Visit</title>
              <text mediaType="text/x-hl7-text+xml">
                <table>
                  <caption>Problems/Diagnoses</caption>
                  <thead>
                    <tr>
                      <th>Type</th>
                      <th>Description</th>
                    </tr>
                  </thead>
                  <tbody>
                    <tr>
                      <td>Principle diagnosis</td>
                      <td>Laceration of head and neck</td>
                    </tr>
                  </tbody>
                </table>
              </text>
              <entry typeCode="DRIV">
                <observation classCode="OBS" moodCode="EVN">
                  <id root="e0b2882f-cc00-4e05-8ac1-1a1816132078" />
                  <code nullFlavor="OTH">
                    <originalText>Principle diagnosis</originalText>
                  </code>
                  <value xsi:type="CD" code="283358007" codeSystem="2.16.840.1.113883.6.96" codeSystemName="SNOMED CT-AU" codeSystemVersion="20110531" displayName="Laceration of head and neck" />
                </observation>
              </entry>
            </section>
          </component>
          <component>
            <section>
              <id root="5aee6d77-f2e4-4fe4-bd3c-6af3a4904a65" />
              <code code="101.20109" codeSystem="1.2.36.1.2001.1001.101" codeSystemName="NCTIS Data Components" displayName="Clinical Interventions Performed This Visit" />
              <title>Clinical Interventions Performed This Visit</title>
              <text mediaType="text/x-hl7-text+xml">
                <table>
                  <caption>Clinical Interventions This Visit</caption>
                  <thead>
                    <tr>
                      <th>Clinical Intervention Description</th>
                    </tr>
                  </thead>
                  <tbody>
                    <tr>
                      <td>Segmental osteoplasty of maxilla</td>
                    </tr>
                    <tr>
                      <td>Total facial nerve repair</td>
                    </tr>
                    <tr>
                      <td>Ligation of haemorrhoidal artery</td>
                    </tr>
                    <tr>
                      <td>Carotid endarterectomy</td>
                    </tr>
                  </tbody>
                </table>
              </text>
              <entry typeCode="DRIV">
                <procedure classCode="PROC" moodCode="EVN">
                  <id root="057b587b-135c-4f90-a098-4d31d68c712b" />
                  <code code="59100004" codeSystem="2.16.840.1.113883.6.96" codeSystemName="SNOMED CT-AU" codeSystemVersion="20110531" displayName="Segmental osteoplasty of maxilla" />
                </procedure>
              </entry>
              <entry typeCode="DRIV">
                <procedure classCode="PROC" moodCode="EVN">
                  <id root="e0d56765-826a-42e3-a677-5214ca47fb43" />
                  <code code="87130007" codeSystem="2.16.840.1.113883.6.96" codeSystemName="SNOMED CT-AU" codeSystemVersion="20110531" displayName="Total facial nerve repair" />
                </procedure>
              </entry>
              <entry typeCode="DRIV">
                <procedure classCode="PROC" moodCode="EVN">
                  <id root="166d5dd7-ead5-412a-8293-0a44e76b80fe" />
                  <code code="438456009" codeSystem="2.16.840.1.113883.6.96" codeSystemName="SNOMED CT-AU" codeSystemVersion="20110531" displayName="Ligation of haemorrhoidal artery" />
                </procedure>
              </entry>
              <entry typeCode="DRIV">
                <procedure classCode="PROC" moodCode="EVN">
                  <id root="7302bfee-209c-483d-a9a9-9d617235790d" />
                  <code code="66951008" codeSystem="2.16.840.1.113883.6.96" codeSystemName="SNOMED CT-AU" codeSystemVersion="20110531" displayName="Carotid endarterectomy" />
                </procedure>
              </entry>
            </section>
          </component>
          <component>
            <section>
              <id root="3e275771-43d4-4df4-b9b5-9857e77d4668" />
              <code code="102.15513.4.1.1" codeSystem="1.2.36.1.2001.1001.101" codeSystemName="NCTIS Data Components" displayName="Clinical Synopsis" />
              <title>Clinical Synopsis</title>
              <text mediaType="text/x-hl7-text+xml">
                <table>
                  <caption>Clinical Synopsis</caption>
                  <thead>
                    <tr>
                      <th>Description</th>
                    </tr>
                  </thead>
                  <tbody>
                    <tr>
                      <td>Self-inflicted, deep lacerations of neck and face with a sharp object. There is a history of self-harm behaviour.  The patient stated that he had had suicidal thoughts, and he said the last time was 1 year ago. Suspects that a person has a condition or disease involving their central nervous system that causes severe mental status changes. However pathology results indicate a Neisseria meningitidis infection.</td>
                    </tr>
                  </tbody>
                </table>
              </text>
              <entry typeCode="DRIV">
                <act classCode="ACT" moodCode="EVN">
                  <id root="b633202e-15df-43e3-be84-8c42e1a663a8" />
                  <code code="103.15582" codeSystem="1.2.36.1.2001.1001.101" codeSystemName="NCTIS Data Components" displayName="Clinical Synopsis Description" />
                  <text xsi:type="ST">Self-inflicted, deep lacerations of neck and face with a sharp object. There is a history of self-harm behaviour.  The patient stated that he had had suicidal thoughts, and he said the last time was 1 year ago. Suspects that a person has a condition or disease involving their central nervous system that causes severe mental status changes. However pathology results indicate a Neisseria meningitidis infection.</text>
                </act>
              </entry>
            </section>
          </component>
          <component>
            <section>
              <id root="809537d3-a1e0-4423-ac0e-f5bec1d0412f" />
              <code code="101.20117" codeSystem="1.2.36.1.2001.1001.101" codeSystemName="NCTIS Data Components" displayName="Diagnostic Investigations" />
              <title>Diagnostic Investigations</title>
              <text mediaType="text/x-hl7-text+xml">This section may contain the following subsections Pathology Test Result and Imaging Examination Result.</text>
              <component>
                <section>
                  <id root="213050f7-e90b-4a52-91b7-f30aeb58052e" />
                  <code code="102.16144" codeSystem="1.2.36.1.2001.1001.101" codeSystemName="NCTIS Data Components" displayName="Pathology Test Result" />
                  <title>Pathology Test Result</title>
                  <text mediaType="text/x-hl7-text+xml">
                    <table>
                      <caption>Pathology Test Result(s)</caption>
                      <thead>
                        <tr>
                          <th>Test Result DateTime</th>
                          <th>Test Result Name</th>
                          <th>Diagnostic Service</th>
                          <th>Overall Test Result Status</th>
                          <th>Clinical Information Provided</th>
                          <th>Pathological Diagnosis</th>
                          <th>Pathology Test Conclusion</th>
                          <th>Test Comment</th>
                          <th>Image / File</th>
                        </tr>
                      </thead>
                      <tbody>
                        <tr>
                          <td>13 Jan 2011 10:59</td>
                          <td>CSF microscopy, culture and sensitivity; CSF Protein and Glucose measurements.</td>
                          <td>
                          </td>
                          <td>Amended</td>
                          <td>
                          </td>
                          <td>
                            <list>
                              <item>Meningococcal disease</item>
                            </list>
                          </td>
                          <td>Polymorphonuclear cells significantly elevated, Protein significantly increased, Glucose significantly decreased, Neisseria meningitis isolated.</td>
                          <td>
                          </td>
                        </tr>
                      </tbody>
                    </table>
                    <table>
                      <caption>Pathology Test Specimen Detail</caption>
                      <thead>
                        <tr>
                          <th>Received DateTime</th>
                          <th>Identifier</th>
                          <th>Parent Identifier</th>
                          <th>Container</th>
                          <th>Tissue Type</th>
                          <th>Physical Description</th>
                          <th>Physical Details</th>
                          <th>Sampling Preconditions</th>
                          <th>Collection Date</th>
                          <th>Collection Procedure</th>
                          <th>Collection Setting</th>
                          <th>Image / File</th>
                        </tr>
                      </thead>
                      <tbody>
                        <tr>
                          <td>11 Jan 2011 14:59</td>
                          <td>391917829</td>
                          <td>
                          </td>
                          <td>
                          </td>
                          <td>Cerebrospinal fluid (CSF)</td>
                          <td>cloudy fluid</td>
                          <td>
                            <list>
                              <item>4.5mL</item>
                            </list>
                          </td>
                          <td>
                          </td>
                          <td>11 Jan 2011 14:49</td>
                          <td>
                          </td>
                          <td>
                          </td>
                        </tr>
                      </tbody>
                    </table>
                    <table>
                      <caption>Test Result Group</caption>
                      <thead>
                        <tr>
                          <th>Group Name</th>
                          <th>Result Name</th>
                          <th>Result Value</th>
                          <th>Result Value Status</th>
                          <th>Result Value Reference Range Details</th>
                          <th>Result Comment</th>
                          <th>Reference Range Guidance</th>
                          <th>Result Status</th>
                        </tr>
                      </thead>
                      <tbody>
                        <tr>
                          <td>CSF Microscopy, Culture and Sensitivity and Biochemistry</td>
                          <td>CSF Biochemical analysis - CSF Glucose</td>
                          <td>
                            <list>
                              <item>1.0 mmol/L (RR 2.2 – 3.9 mmol/L)</item>
                            </list>
                          </td>
                          <td>
                          </td>
                          <td>
                          </td>
                          <td>
                          </td>
                          <td>
                          </td>
                          <td>Final</td>
                        </tr>
                        <tr>
                          <td>CSF Microscopy, Culture and Sensitivity and Biochemistry</td>
                          <td>CSF Biochemical analysis - CSF Protein</td>
                          <td>
                            <list>
                              <item>800 mg/L (RR 150 – 500mg/L)</item>
                            </list>
                          </td>
                          <td>
                          </td>
                          <td>
                          </td>
                          <td>
                          </td>
                          <td>
                          </td>
                          <td>Interim</td>
                        </tr>
                        <tr>
                          <td>CSF Microscopy, Culture and Sensitivity and Biochemistry</td>
                          <td>CSF Culture</td>
                          <td>
                            <list>
                              <item>Neisseria meningitidis isolated</item>
                            </list>
                          </td>
                          <td>
                          </td>
                          <td>
                          </td>
                          <td>
                          </td>
                          <td>
                          </td>
                          <td>Final</td>
                        </tr>
                        <tr>
                          <td>CSF Microscopy, Culture and Sensitivity and Biochemistry</td>
                          <td>CSF Gram Stain - Polymorphonuclear cells</td>
                          <td>
                            <list>
                              <item>3+</item>
                            </list>
                          </td>
                          <td>
                          </td>
                          <td>
                          </td>
                          <td>
                          </td>
                          <td>
                          </td>
                          <td>Amended</td>
                        </tr>
                        <tr>
                          <td>CSF Microscopy, Culture and Sensitivity and Biochemistry</td>
                          <td>CSF Gram Stain - Organisms</td>
                          <td>
                            <list>
                              <item>Gram negative diplococcic 1+</item>
                            </list>
                          </td>
                          <td>
                          </td>
                          <td>
                          </td>
                          <td>
                          </td>
                          <td>
                          </td>
                          <td>Interim</td>
                        </tr>
                        <tr>
                          <td>CSF Microscopy, Culture and Sensitivity and Biochemistry</td>
                          <td>CSF Microscopy - White cell count</td>
                          <td>
                            <list>
                              <item>300 x 10^6/L</item>
                            </list>
                          </td>
                          <td>
                          </td>
                          <td>
                          </td>
                          <td>
                            <list>
                              <item>%Polymorphonuclear cells: 100% %Monocuclear Cells:  0%</item>
                            </list>
                          </td>
                          <td>
                          </td>
                          <td>Final</td>
                        </tr>
                        <tr>
                          <td>CSF Microscopy, Culture and Sensitivity and Biochemistry</td>
                          <td>CSF Microscopy -Red cell count</td>
                          <td>
                            <list>
                              <item>&lt; 5 x 10^6/L</item>
                            </list>
                          </td>
                          <td>
                          </td>
                          <td>
                          </td>
                          <td>
                          </td>
                          <td>
                          </td>
                          <td>Final</td>
                        </tr>
                        <tr>
                          <td>CSF Microscopy, Culture and Sensitivity and Biochemistry</td>
                          <td>CSF Microscopy –Viral Culture</td>
                          <td>
                          </td>
                          <td>
                          </td>
                          <td>
                          </td>
                          <td>
                          </td>
                          <td>
                          </td>
                          <td>Cancelled / Aborted</td>
                        </tr>
                      </tbody>
                    </table>
                  </text>
                  <entry>
                    <observation classCode="OBS" moodCode="EVN">
                      <id root="9ce1f0c7-b08c-421f-828e-ae1b3c06e18a" />
                      <code nullFlavor="OTH">
                        <originalText>CSF microscopy, culture and sensitivity; CSF Protein and Glucose measurements.</originalText>
                      </code>
                      <effectiveTime value="20120313150834+10" />
                      <entryRelationship typeCode="SUBJ">
                        <observation classCode="OBS" moodCode="EVN">
                          <id root="4e64f51a-6064-4770-af93-68e8fa6d56f5" />
                          <code code="102.16156.2.2.1" codeSystem="1.2.36.1.2001.1001.101" codeSystemName="NCTIS Data Components" displayName="Test Specimen Detail" />
                          <effectiveTime value="201101111449" />
                          <targetSiteCode>
                            <originalText>Entire Spine</originalText>
                          </targetSiteCode>
                          <specimen>
                            <specimenRole>
                              <id root="1.2.36.1.2001.1003.0.8003620833333789" extension="391917829" />
                              <specimenPlayingEntity>
                                <code>
                                  <originalText>Cerebrospinal fluid (CSF)</originalText>
                                </code>
                                <quantity value="4.5" unit="mL" />
                                <desc xsi:type="ST">cloudy fluid</desc>
                              </specimenPlayingEntity>
                            </specimenRole>
                          </specimen>
                          <entryRelationship typeCode="COMP">
                            <observation classCode="OBS" moodCode="EVN">
                              <code code="103.11014" codeSystem="1.2.36.1.2001.1001.101" codeSystemName="NCTIS Data Components" displayName="DateTime Received" />
                              <value xsi:type="TS" value="201101111459" />
                            </observation>
                          </entryRelationship>
                        </observation>
                      </entryRelationship>
                      <entryRelationship typeCode="COMP">
                        <organizer classCode="BATTERY" moodCode="EVN">
                          <id root="f51f6c37-1379-44ce-9da4-be3a19dff4e1" />
                          <code nullFlavor="OTH">
                            <originalText>CSF Microscopy, Culture and Sensitivity and Biochemistry</originalText>
                          </code>
                          <statusCode code="completed" />
                          <component>
                            <observation classCode="OBS" moodCode="EVN">
                              <id root="73507076-6b75-4405-ac73-d710ec4aba42" />
                              <code nullFlavor="OTH">
                                <originalText>CSF Biochemical analysis - CSF Glucose</originalText>
                              </code>
                              <value xsi:type="CD" nullFlavor="OTH">
                                <originalText>1.0 mmol/L (RR 2.2 – 3.9 mmol/L)</originalText>
                              </value>
                              <entryRelationship typeCode="COMP">
                                <observation classCode="OBS" moodCode="EVN">
                                  <code code="308552006" codeSystem="2.16.840.1.113883.6.96" codeSystemName="SNOMED CT-AU" codeSystemVersion="20110531" displayName="report status" />
                                  <value xsi:type="CD" code="3" codeSystem="1.2.36.1.2001.1001.101.104.16501" codeSystemName="NCTIS Result Status Values" displayName="Final" />
                                </observation>
                              </entryRelationship>
                            </observation>
                          </component>
                          <component>
                            <observation classCode="OBS" moodCode="EVN">
                              <id root="12d902f0-1874-4a0a-af7e-00b2818904ff" />
                              <code nullFlavor="OTH">
                                <originalText>CSF Biochemical analysis - CSF Protein</originalText>
                              </code>
                              <value xsi:type="CD" nullFlavor="OTH">
                                <originalText>800 mg/L (RR 150 – 500mg/L)</originalText>
                              </value>
                              <entryRelationship typeCode="COMP">
                                <observation classCode="OBS" moodCode="EVN">
                                  <code code="308552006" codeSystem="2.16.840.1.113883.6.96" codeSystemName="SNOMED CT-AU" codeSystemVersion="20110531" displayName="report status" />
                                  <value xsi:type="CD" code="2" codeSystem="1.2.36.1.2001.1001.101.104.16501" codeSystemName="NCTIS Result Status Values" displayName="Interim" />
                                </observation>
                              </entryRelationship>
                            </observation>
                          </component>
                          <component>
                            <observation classCode="OBS" moodCode="EVN">
                              <id root="19946011-f956-418f-a92c-3766af3d2880" />
                              <code nullFlavor="OTH">
                                <originalText>CSF Culture</originalText>
                              </code>
                              <value xsi:type="CD" nullFlavor="OTH">
                                <originalText>Neisseria meningitidis isolated</originalText>
                              </value>
                              <entryRelationship typeCode="COMP">
                                <observation classCode="OBS" moodCode="EVN">
                                  <code code="308552006" codeSystem="2.16.840.1.113883.6.96" codeSystemName="SNOMED CT-AU" codeSystemVersion="20110531" displayName="report status" />
                                  <value xsi:type="CD" code="3" codeSystem="1.2.36.1.2001.1001.101.104.16501" codeSystemName="NCTIS Result Status Values" displayName="Final" />
                                </observation>
                              </entryRelationship>
                            </observation>
                          </component>
                          <component>
                            <observation classCode="OBS" moodCode="EVN">
                              <id root="35388280-c758-4547-97e0-cd652be8a56d" />
                              <code nullFlavor="OTH">
                                <originalText>CSF Gram Stain - Polymorphonuclear cells</originalText>
                              </code>
                              <value xsi:type="CD" nullFlavor="OTH">
                                <originalText>3+</originalText>
                              </value>
                              <entryRelationship typeCode="COMP">
                                <observation classCode="OBS" moodCode="EVN">
                                  <code code="308552006" codeSystem="2.16.840.1.113883.6.96" codeSystemName="SNOMED CT-AU" codeSystemVersion="20110531" displayName="report status" />
                                  <value xsi:type="CD" code="4" codeSystem="1.2.36.1.2001.1001.101.104.16501" codeSystemName="NCTIS Result Status Values" displayName="Amended" />
                                </observation>
                              </entryRelationship>
                            </observation>
                          </component>
                          <component>
                            <observation classCode="OBS" moodCode="EVN">
                              <id root="2abab4a4-e308-441e-9e7a-0a2fb51f499b" />
                              <code nullFlavor="OTH">
                                <originalText>CSF Gram Stain - Organisms</originalText>
                              </code>
                              <value xsi:type="CD" nullFlavor="OTH">
                                <originalText>Gram negative diplococcic 1+</originalText>
                              </value>
                              <entryRelationship typeCode="COMP">
                                <observation classCode="OBS" moodCode="EVN">
                                  <code code="308552006" codeSystem="2.16.840.1.113883.6.96" codeSystemName="SNOMED CT-AU" codeSystemVersion="20110531" displayName="report status" />
                                  <value xsi:type="CD" code="2" codeSystem="1.2.36.1.2001.1001.101.104.16501" codeSystemName="NCTIS Result Status Values" displayName="Interim" />
                                </observation>
                              </entryRelationship>
                            </observation>
                          </component>
                          <component>
                            <observation classCode="OBS" moodCode="EVN">
                              <id root="c2e9debe-be23-4918-9a2a-6730b3dc165b" />
                              <code nullFlavor="OTH">
                                <originalText>CSF Microscopy - White cell count</originalText>
                              </code>
                              <value xsi:type="CD" nullFlavor="OTH">
                                <originalText>300 x 10^6/L</originalText>
                              </value>
                              <entryRelationship typeCode="COMP">
                                <observation classCode="OBS" moodCode="EVN">
                                  <code code="308552006" codeSystem="2.16.840.1.113883.6.96" codeSystemName="SNOMED CT-AU" codeSystemVersion="20110531" displayName="report status" />
                                  <value xsi:type="CD" code="3" codeSystem="1.2.36.1.2001.1001.101.104.16501" codeSystemName="NCTIS Result Status Values" displayName="Final" />
                                </observation>
                              </entryRelationship>
                              <entryRelationship typeCode="COMP">
                                <act classCode="INFRM" moodCode="EVN">
                                  <code code="281296001" codeSystem="2.16.840.1.113883.6.96" codeSystemName="SNOMED CT-AU" codeSystemVersion="20110531" displayName="result comments" />
                                  <text xsi:type="ST">%Polymorphonuclear cells: 100% %Monocuclear Cells:  0%</text>
                                </act>
                              </entryRelationship>
                            </observation>
                          </component>
                          <component>
                            <observation classCode="OBS" moodCode="EVN">
                              <id root="3288579e-49eb-4ab7-a1b4-55251d29960f" />
                              <code nullFlavor="OTH">
                                <originalText>CSF Microscopy -Red cell count</originalText>
                              </code>
                              <value xsi:type="CD" nullFlavor="OTH">
                                <originalText>&lt; 5 x 10^6/L</originalText>
                              </value>
                              <entryRelationship typeCode="COMP">
                                <observation classCode="OBS" moodCode="EVN">
                                  <code code="308552006" codeSystem="2.16.840.1.113883.6.96" codeSystemName="SNOMED CT-AU" codeSystemVersion="20110531" displayName="report status" />
                                  <value xsi:type="CD" code="3" codeSystem="1.2.36.1.2001.1001.101.104.16501" codeSystemName="NCTIS Result Status Values" displayName="Final" />
                                </observation>
                              </entryRelationship>
                            </observation>
                          </component>
                          <component>
                            <observation classCode="OBS" moodCode="EVN">
                              <id root="b35d3238-448e-46c5-b050-e19668f1e834" />
                              <code nullFlavor="OTH">
                                <originalText>CSF Microscopy –Viral Culture</originalText>
                              </code>
                              <entryRelationship typeCode="COMP">
                                <observation classCode="OBS" moodCode="EVN">
                                  <code code="308552006" codeSystem="2.16.840.1.113883.6.96" codeSystemName="SNOMED CT-AU" codeSystemVersion="20110531" displayName="report status" />
                                  <value xsi:type="CD" code="5" codeSystem="1.2.36.1.2001.1001.101.104.16501" codeSystemName="NCTIS Result Status Values" displayName="Cancelled / Aborted" />
                                </observation>
                              </entryRelationship>
                            </observation>
                          </component>
                        </organizer>
                      </entryRelationship>
                      <entryRelationship typeCode="COMP">
                        <observation classCode="OBS" moodCode="EVN">
                          <code code="308552006" codeSystem="2.16.840.1.113883.6.96" codeSystemName="SNOMED CT-AU" codeSystemVersion="20110531" displayName="report status" />
                          <value xsi:type="CD" code="4" codeSystem="1.2.36.1.2001.1001.101.104.16501" codeSystemName="NCTIS Result Status Values" displayName="Amended" />
                        </observation>
                      </entryRelationship>
                      <entryRelationship typeCode="REFR">
                        <observation classCode="OBS" moodCode="EVN">
                          <id root="bd5d03a6-5fea-4f8b-b176-88a2af3bbbfe" />
                          <code code="88101002" codeSystem="2.16.840.1.113883.6.96" codeSystemName="SNOMED CT-AU" codeSystemVersion="20110531" displayName="Pathology diagnosis" />
                          <value xsi:type="CD" nullFlavor="OTH">
                            <originalText>Meningococcal disease</originalText>
                          </value>
                        </observation>
                      </entryRelationship>
                      <entryRelationship typeCode="REFR">
                        <observation classCode="OBS" moodCode="EVN">
                          <id root="f809e028-023e-48a7-ab7a-dcb288c77c32" />
                          <code code="386344002" codeSystem="2.16.840.1.113883.6.96" codeSystemName="SNOMED CT-AU" codeSystemVersion="20110531" displayName="Laboratory findings data interpretation" />
                          <value xsi:type="ST">Polymorphonuclear cells significantly elevated, Protein significantly increased, Glucose significantly decreased, Neisseria meningitis isolated.</value>
                        </observation>
                      </entryRelationship>
                      <entryRelationship typeCode="COMP">
                        <observation classCode="OBS" moodCode="EVN">
                          <id root="626da9ef-95c2-4207-ad3f-14e56a6372f6" />
                          <code code="103.16605" codeSystem="1.2.36.1.2001.1001.101" codeSystemName="NCTIS Data Components" displayName="Pathology Test Result DateTime" />
                          <effectiveTime value="201101131059" />
                        </observation>
                      </entryRelationship>
                    </observation>
                  </entry>
                </section>
              </component>
            </section>
          </component>
        </section>
      </component>
      <component>
        <section>
          <id root="5764dd76-2c55-476a-8d7a-a4075812a98e" />
          <code code="101.16022" codeSystem="1.2.36.1.2001.1001.101" codeSystemName="NCTIS Data Components" displayName="Medications" />
          <title>Medications</title>
          <text mediaType="text/x-hl7-text+xml">This section may contain the following subsections Current Medications On Discharge and Ceased Medications.</text>
          <component>
            <section>
              <id root="06da2c58-47df-4281-92ab-18c531a50877" />
              <code code="101.16146.4.1.1" codeSystem="1.2.36.1.2001.1001.101" codeSystemName="NCTIS Data Components" displayName="Current Medications On Discharge" />
              <title>Current Medications On Discharge</title>
              <text mediaType="text/x-hl7-text+xml">
                <table>
                  <caption>Current Medications On Discharge</caption>
                  <thead>
                    <tr>
                      <th>Item Status</th>
                      <th>Item Description</th>
                      <th>Duration Start</th>
                      <th>Duration End</th>
                      <th>Reason for Medication</th>
                      <th>Unit of Use Quantity Dispensed</th>
                      <th>Dose Instructions</th>
                      <th>Change made</th>
                      <th>Reason for change</th>
                      <th>Additional Comments</th>
                    </tr>
                  </thead>
                  <tbody>
                    <tr>
                      <td>Ceased</td>
                      <td>Celebrex 100 mg capsule: hard, 60 capsules</td>
                      <td>
                      </td>
                      <td>
                      </td>
                      <td>
                      </td>
                      <td>
                      </td>
                      <td>Take one capsule twice daily</td>
                      <td>Drug therapy discontinued</td>
                      <td>Ceased due to scheduled surgery</td>
                      <td>
                      </td>
                    </tr>
                  </tbody>
                </table>
              </text>
              <entry typeCode="DRIV">
                <substanceAdministration classCode="SBADM" moodCode="EVN">
                  <id root="1afa0fdc-6ade-4736-8eca-8cf4d7f2fbad" />
                  <text xsi:type="ST">Take one capsule twice daily</text>
                  <statusCode code="active" />
                  <consumable>
                    <manufacturedProduct>
                      <manufacturedMaterial>
                        <code code="13213011000036106" codeSystem="1.2.36.1.2001.1004.100" codeSystemName="Australian Medicines Terminology (AMT)" codeSystemVersion="v2.26" displayName="Celebrex 100 mg capsule: hard, 60 capsules" />
                      </manufacturedMaterial>
                    </manufacturedProduct>
                  </consumable>
                  <entryRelationship typeCode="SUBJ" inversionInd="true">
                    <observation classCode="OBS" moodCode="EVN">
                      <id root="f1c8f309-0752-4618-816f-da0626c64098" />
                      <code nullFlavor="OTH">
                        <originalText>Ceased</originalText>
                      </code>
                    </observation>
                  </entryRelationship>
                  <entryRelationship typeCode="SPRT">
                    <observation classCode="OBS" moodCode="EVN">
                      <id root="a4bff7d6-1878-48e7-a9c6-90f06f7b737c" />
                      <code nullFlavor="OTH">
                        <originalText>Drug therapy discontinued</originalText>
                      </code>
                      <entryRelationship typeCode="RSON">
                        <act classCode="INFRM" moodCode="EVN">
                          <id root="4f387b5b-7df0-4c27-ba8b-2d958484c72d" />
                          <code code="103.10177" codeSystem="1.2.36.1.2001.1001.101" codeSystemName="NCTIS Data Components" displayName="Reason for Change" />
                          <text xsi:type="ST">Ceased due to scheduled surgery</text>
                        </act>
                      </entryRelationship>
                    </observation>
                  </entryRelationship>
                </substanceAdministration>
              </entry>
            </section>
          </component>
          <component>
            <section>
              <id root="f0ccec2a-ffa8-4fac-a158-36340559ad60" />
              <code code="101.16146.4.1.2" codeSystem="1.2.36.1.2001.1001.101" codeSystemName="NCTIS Data Components" displayName="Ceased Medications" />
              <title>Ceased Medications</title>
              <text mediaType="text/x-hl7-text+xml">
                <table>
                  <caption>Ceased Medications</caption>
                  <thead>
                    <tr>
                      <th>Item Status</th>
                      <th>Item Description</th>
                      <th>Change Made</th>
                      <th>Reason for Change</th>
                    </tr>
                  </thead>
                  <tbody>
                    <tr>
                      <td>Ceased</td>
                      <td>Celebrex 100 mg capsule: hard, 60 capsules</td>
                      <td>Drug therapy discontinued.</td>
                      <td>Optimise drug therapy.</td>
                    </tr>
                  </tbody>
                </table>
              </text>
              <entry typeCode="DRIV">
                <substanceAdministration classCode="SBADM" moodCode="EVN">
                  <id root="967cd0b8-d286-4432-b604-ce70b4cf19f7" />
                  <statusCode code="cancelled" />
                  <consumable>
                    <manufacturedProduct>
                      <manufacturedMaterial>
                        <code code="13213011000036106" codeSystem="1.2.36.1.2001.1004.100" codeSystemName="Australian Medicines Terminology (AMT)" codeSystemVersion="v2.26" displayName="Celebrex 100 mg capsule: hard, 60 capsules" />
                      </manufacturedMaterial>
                    </manufacturedProduct>
                  </consumable>
                  <entryRelationship typeCode="SUBJ" inversionInd="true">
                    <observation classCode="OBS" moodCode="EVN">
                      <id root="47940436-4134-415b-96fc-d1bdd0e1347f" />
                      <code nullFlavor="OTH">
                        <originalText>Ceased</originalText>
                      </code>
                    </observation>
                  </entryRelationship>
                  <entryRelationship typeCode="SPRT">
                    <observation classCode="OBS" moodCode="EVN">
                      <id root="a30cfc42-b8d1-4048-bc1e-a9c084275b51" />
                      <code nullFlavor="OTH">
                        <originalText>Drug therapy discontinued.</originalText>
                      </code>
                      <entryRelationship typeCode="RSON">
                        <act classCode="INFRM" moodCode="EVN">
                          <id root="5065d43c-eeea-4504-86ed-999931f36674" />
                          <code code="103.10177" codeSystem="1.2.36.1.2001.1001.101" codeSystemName="NCTIS Data Components" displayName="Reason for Change" />
                          <text xsi:type="ST">Optimise drug therapy.</text>
                        </act>
                      </entryRelationship>
                    </observation>
                  </entryRelationship>
                </substanceAdministration>
              </entry>
            </section>
          </component>
        </section>
      </component>
      <component>
        <section>
          <id root="647c65b9-3730-485f-b029-d9b9e785aacc" />
          <code code="101.16011" codeSystem="1.2.36.1.2001.1001.101" codeSystemName="NCTIS Data Components" displayName="Health Profile" />
          <title>Health Profile</title>
          <text mediaType="text/x-hl7-text+xml">This section may contain the following subsections Adverse Reactions and Alerts.</text>
          <component>
            <section>
              <id root="ae4aa470-1166-4fbd-8849-c2f9daacbc3a" />
              <code code="101.20113" codeSystem="1.2.36.1.2001.1001.101" codeSystemName="NCTIS Data Components" displayName="Adverse Reactions" />
              <title>Adverse Reactions</title>
              <text mediaType="text/x-hl7-text+xml">
                <table>
                  <caption>Allergies/Adverse Reactions</caption>
                  <thead>
                    <tr>
                      <th>Agent Description</th>
                      <th>Reaction Type</th>
                      <th>Reaction Description(s)</th>
                    </tr>
                  </thead>
                  <tbody>
                    <tr>
                      <td>Penicillin -class of antibiotic-</td>
                      <td>Pseudoallergy / anaphylactoid reaction</td>
                      <td>
                        <list>
                          <item>Ligation of haemorrhoidal artery</item>
                        </list>
                      </td>
                    </tr>
                  </tbody>
                </table>
              </text>
              <entry typeCode="DRIV">
                <observation classCode="OBS" moodCode="EVN">
                  <id root="5fbaa2b2-8aa9-496f-8192-4bfb65487427" />
                  <code code="102.15517" codeSystem="1.2.36.1.2001.1001.101" codeSystemName="NCTIS Data Components" displayName="Adverse Reaction" />
                  <value xsi:type="CD" nullFlavor="OTH">
                    <originalText>Pseudoallergy / anaphylactoid reaction</originalText>
                  </value>
                  <participant typeCode="CAGNT">
                    <participantRole>
                      <playingEntity determinerCode="INSTANCE">
                        <code code="373270004" codeSystem="2.16.840.1.113883.6.96" codeSystemName="SNOMED CT-AU" codeSystemVersion="20110531" displayName="Penicillin -class of antibiotic-" />
                      </playingEntity>
                    </participantRole>
                  </participant>
                  <entryRelationship typeCode="MFST" inversionInd="true">
                    <observation classCode="OBS" moodCode="EVN">
                      <code code="16932000" codeSystem="2.16.840.1.113883.6.96" codeSystemName="SNOMED CT-AU" codeSystemVersion="20110531" displayName="Ligation of haemorrhoidal artery" />
                    </observation>
                  </entryRelationship>
                </observation>
              </entry>
            </section>
          </component>
          <component>
            <section>
              <id root="29450e51-75d5-4949-8f29-c4d9e4fe12db" />
              <code code="101.20021" codeSystem="1.2.36.1.2001.1001.101" codeSystemName="NCTIS Data Components" displayName="Alerts" />
              <title>Alerts</title>
              <text mediaType="text/x-hl7-text+xml">
                <table>
                  <caption>Alerts</caption>
                  <thead>
                    <tr>
                      <th>Type</th>
                      <th>Description</th>
                    </tr>
                  </thead>
                  <tbody>
                    <tr>
                      <td>Clinical</td>
                      <td>At risk of pressure sores due to easily damaged skin</td>
                    </tr>
                  </tbody>
                </table>
              </text>
              <entry typeCode="DRIV">
                <observation classCode="OBS" moodCode="EVN">
                  <id root="dd8b8d71-2681-4571-8aed-db17739fe335" />
                  <code nullFlavor="OTH">
                    <originalText>Clinical</originalText>
                  </code>
                  <value xsi:type="CD" nullFlavor="OTH">
                    <originalText>At risk of pressure sores due to easily damaged skin</originalText>
                  </value>
                </observation>
              </entry>
            </section>
          </component>
        </section>
      </component>
      <component>
        <section>
          <id root="f4e76359-6480-4b36-83d8-74a168d42821" />
          <code code="101.16020" codeSystem="1.2.36.1.2001.1001.101" codeSystemName="NCTIS Data Components" displayName="Plan" />
          <title>Plan</title>
          <text mediaType="text/x-hl7-text+xml">This section may contain the following subsections Arranged Services and Record Of Recommendations And Information Provided.</text>
          <component>
            <section>
              <id root="e57a0f13-7585-415f-a497-21e7f02d213c" />
              <code code="101.16021" codeSystem="1.2.36.1.2001.1001.101" codeSystemName="NCTIS Data Components" displayName="Arranged Services" />
              <title>Arranged Services</title>
              <text mediaType="text/x-hl7-text+xml">
                <table>
                  <caption>Arranged Services</caption>
                  <thead>
                    <tr>
                      <th>Service Date</th>
                      <th>Provider Role</th>
                      <th>Provider Person Name</th>
                      <th>Provider Organisation</th>
                      <th>Address</th>
                      <th>Contact</th>
                      <th>Status</th>
                      <th>Description</th>
                    </tr>
                  </thead>
                  <tbody>
                    <tr>
                      <td>
                      </td>
                      <td>Hospital</td>
                      <td>
                      </td>
                      <td>Franklin Hospital</td>
                      <td>1, Stanley, Franklin, 2607</td>
                      <td>
                      </td>
                      <td>Appointment</td>
                      <td>Orthopaedic outpatient clinic</td>
                    </tr>
                  </tbody>
                </table>
              </text>
              <entry typeCode="DRIV">
                <act classCode="ACT" moodCode="APT">
                  <id root="4321993a-4d0d-45fd-b292-6969db01eed3" />
                  <code nullFlavor="OTH">
                    <originalText>Orthopaedic outpatient clinic</originalText>
                  </code>
                  <performer typeCode="PRF">
                    <assignedEntity>
                      <id root="163b2898-56d6-4f5e-a272-254c317b2daf" />
                      <code>
                        <originalText>Hospital</originalText>
                      </code>
                      <addr use="WP">
                        <country>Australia</country>
                        <state>ACT</state>
                        <city>Franklin</city>
                        <postalCode>2607</postalCode>
                        <houseNumber>1</houseNumber>
                        <streetName>Stanley</streetName>
                        <streetNameType>St</streetNameType>
                      </addr>
                      <representedOrganization>
                        <name>Ward 3B</name>
                        <asOrganizationPartOf>
                          <wholeOrganization>
                            <name use="ORGE">Franklin Hospital</name>
                            <ext:asEntityIdentifier classCode="IDENT">
                              <ext:id root="1.2.36.1.2001.1003.0.8003627500000328" assigningAuthorityName="HPI-O" />
                              <ext:assigningGeographicArea classCode="PLC">
                                <ext:name>National Identifier</ext:name>
                              </ext:assigningGeographicArea>
                            </ext:asEntityIdentifier>
                          </wholeOrganization>
                        </asOrganizationPartOf>
                      </representedOrganization>
                    </assignedEntity>
                  </performer>
                </act>
              </entry>
            </section>
          </component>
          <component>
            <section>
              <id root="310aa5ba-1357-436c-ba11-3a2ded07a07f" />
              <code code="101.20016" codeSystem="1.2.36.1.2001.1001.101" codeSystemName="NCTIS Data Components" displayName="Record of Recommendations and Information Provided" />
              <title>Record of Recommendations and Information Provided</title>
              <text mediaType="text/x-hl7-text+xml">
                <table>
                  <caption>Record of Recommendations and Information Provided</caption>
                  <thead>
                    <tr>
                      <th>Recipient Person Name</th>
                      <th>Recipient Role</th>
                      <th>Recipient Organisation</th>
                      <th>Address</th>
                      <th>Contact</th>
                      <th>Note</th>
                    </tr>
                  </thead>
                  <tbody>
                    <tr>
                      <td>Dr Ely Black</td>
                      <td>General Medical Practitioner</td>
                      <td>Super Healthy Hospital</td>
                      <td>25, Sandgate, Albion, 4010</td>
                      <td>tel: 0345754566</td>
                      <td>Please ensure aspirin is recommenced 3 days post discharge.</td>
                    </tr>
                  </tbody>
                </table>
                <table>
                  <caption>Information Provided To Patient And/Or Family</caption>
                  <thead>
                    <tr>
                      <th>Information</th>
                    </tr>
                  </thead>
                  <tbody>
                    <tr>
                      <td>Patient was given a brochure explaining expected post-op recovery.</td>
                    </tr>
                  </tbody>
                </table>
              </text>
              <entry typeCode="DRIV">
                <act classCode="INFRM" moodCode="PRP">
                  <id root="40ea33ca-e965-4a89-a338-d640418d4719" />
                  <code code="102.20016.4.1.1" codeSystem="1.2.36.1.2001.1001.101" codeSystemName="NCTIS Data Components" displayName="Recommendations Provided" />
                  <text xsi:type="ST">Please ensure aspirin is recommenced 3 days post discharge.</text>
                  <performer typeCode="PRF">
                    <assignedEntity>
                      <id root="5ad3af82-dfa9-4821-a0a4-5bf860fc6623" />
                      <code code="253111" codeSystem="2.16.840.1.113883.13.62" codeSystemName="1220.0 - ANZSCO - Australian and New Zealand Standard Classification of Occupations, First Edition, 2006" displayName="General Medical Practitioner" />
                      <addr use="WP">
                        <country>Australia</country>
                        <state>QLD</state>
                        <city>Albion</city>
                        <postalCode>4010</postalCode>
                        <houseNumber>25</houseNumber>
                        <streetName>Sandgate</streetName>
                        <streetNameType>Rd</streetNameType>
                      </addr>
                      <telecom value="tel: 0345754566" use="WP" />
                      <assignedPerson>
                        <name use="L">
                          <family>Black</family>
                          <given>Ely</given>
                          <prefix>Dr</prefix>
                        </name>
                        <ext:asEntityIdentifier classCode="IDENT">
                          <ext:id root="1.2.36.1.2001.1003.0.8003619166667441" assigningAuthorityName="HPI-I" />
                          <ext:assigningGeographicArea classCode="PLC">
                            <ext:name>National Identifier</ext:name>
                          </ext:assigningGeographicArea>
                        </ext:asEntityIdentifier>
                        <ext:asEmployment classCode="EMP">
                          <ext:employerOrganization>
                            <name>Urology</name>
                            <asOrganizationPartOf>
                              <wholeOrganization>
                                <name use="ORGE">Super Healthy Hospital</name>
                                <ext:asEntityIdentifier classCode="IDENT">
                                  <ext:id root="1.2.36.1.2001.1003.0.8003620000045564" assigningAuthorityName="HPI-O" />
                                  <ext:assigningGeographicArea classCode="PLC">
                                    <ext:name>National Identifier</ext:name>
                                  </ext:assigningGeographicArea>
                                </ext:asEntityIdentifier>
                              </wholeOrganization>
                            </asOrganizationPartOf>
                          </ext:employerOrganization>
                        </ext:asEmployment>
                      </assignedPerson>
                    </assignedEntity>
                  </performer>
                </act>
              </entry>
              <entry typeCode="DRIV">
                <act classCode="INFRM" moodCode="EVN">
                  <id root="7f333f7e-d950-4b5e-9634-7d49b7fe60e6" />
                  <code code="102.20016.4.1.2" codeSystem="1.2.36.1.2001.1001.101" codeSystemName="NCTIS Data Components" displayName="Information Provided" />
                  <text xsi:type="ST">Patient was given a brochure explaining expected post-op recovery.</text>
                </act>
              </entry>
            </section>
          </component>
        </section>
      </component>
    </structuredBody>
  </component>
</ClinicalDocument>